current_assets,cash,assets,current_liabilities,liabilities,equity,revenue,operating_profit,net_income,eps,year,report,report_code,operating_margin,net_margin,debt_ratio,equity_ratio,current_ratio,roa,roe,ocf_ratio,ocf
1999038000000.0,22636744000000.0,242179521000000.0,2042140000000.0,242179521000000.0,179059805000000.0,200653482000000.0,19060144000000.0,19060144000000.0,126305.0,2015,annual,11011,9.499034758838624,9.499034758838624,135.25063371983455,73.93680698542632,97.88937095399923,7.870254231777096,10.644568723840617,,
1572027000000.0,32111442000000.0,262174324000000.0,2062066000000.0,262174324000000.0,192963033000000.0,201866745000000.0,22726092000000.0,22726092000000.0,157967.0,2016,annual,11011,11.257967229817869,11.257967229817869,135.86764258623566,73.60104149634424,76.23553271330792,8.668313377628849,11.777433038171617,,
1874046000000.0,25840759000000.0,243960673000000.0,2321321000000.0,243960673000000.0,181842516000000.0,50937120000000.0,5847393000000.0,11100196000000.0,40904.0,2016,half,11012,11.479630179326982,21.791958398904374,134.16041438845906,74.5376350064422,80.73187637556374,4.549994006615976,6.1042908139260454,,
1787659000000.0,24769756000000.0,241239789000000.0,2059894000000.0,241239789000000.0,178326186000000.0,49782252000000.0,5252803000000.0,5252803000000.0,36356.0,2016,quarterly,11013,10.55155761133506,10.55155761133506,135.2800698602952,73.92071877496129,86.78402869273856,2.177419828534173,2.9456150651929494,,
2541290000000.0,25267569000000.0,244471456000000.0,1928555000000.0,244471456000000.0,179536379000000.0,47815633000000.0,4537855000000.0,15638051000000.0,31303.0,2016,quarterly,11014,9.490316692032499,32.704891724428286,136.16820020637712,73.43858540278829,131.77171509238784,6.3966776554887455,8.710240836482505,,
4360259000000.0,215958000000.0,301752090000000.0,2708985000000.0,301752090000000.0,214491428000000.0,239575376000000.0,42186747000000.0,41344569000000.0,299868.0,2017,annual,11011,17.608966206944405,17.25743675760734,140.68258709154568,71.08200244777095,160.95545010400573,13.701502117185004,19.27562764885877,,
4248376000000.0,29007086000000.0,277589436000000.0,2653349000000.0,277589436000000.0,200705748000000.0,61000537000000.0,11053851000000.0,18738205000000.0,78018.0,2017,half,11012,18.120907689714272,30.718098432477735,138.30666972228417,72.30309297505111,160.1137279717067,6.7503307294446175,9.336157627134824,,
2832583000000.0,27562938000000.0,264217372000000.0,2520420000000.0,264217372000000.0,189817955000000.0,50547526000000.0,7684354000000.0,7684354000000.0,53656.0,2017,quarterly,11013,15.20223561485482,15.20223561485482,139.1951419980265,71.8415876909108,112.3853564088525,2.9083454815378302,4.04827562281977,,
4364445000000.0,30788226000000.0,296578579000000.0,2917163000000.0,296578579000000.0,210691251000000.0,62048901000000.0,11193411000000.0,29328245000000.0,80349.0,2017,quarterly,11014,18.039660364008704,47.26634078498828,140.76454413382356,71.04061652409494,149.61265448656795,9.888861528330406,13.920010850379356,,
7683168000000.0,30340505000000.0,339357244000000.0,1951251000000.0,339357244000000.0,247753177000000.0,243771415000000.0,44344857000000.0,43890877000000.0,6461.0,2018,annual,11011,18.191163635818416,18.004931792351453,136.9739222355159,73.00659743688867,393.756005762457,12.933531779860871,17.71556576245236,,
5823924000000.0,31362222000000.0,318688380000000.0,2685963000000.0,318688380000000.0,233124845000000.0,58482658000000.0,11043412000000.0,22593380000000.0,1617.0,2018,half,11012,18.883225177624453,38.63261481719931,136.70288123944917,73.15134772093039,216.82815437144887,7.089489739161498,9.691536738608878,,
4099387000000.0,32303752000000.0,312473113000000.0,2818480000000.0,312473113000000.0,223259880000000.0,60563714000000.0,11688544000000.0,11688544000000.0,85435.0,2018,quarterly,11013,19.299582585044238,19.299582585044238,139.95936618795997,71.4493089842261,145.4467301524226,3.7406559200503118,5.235398316974819,,
6776566000000.0,33088093000000.0,337195786000000.0,2241323000000.0,337195786000000.0,242103160000000.0,65459993000000.0,13150715000000.0,35560808000000.0,1909.0,2018,quarterly,11014,20.089698145858343,54.32449099100881,139.27773020393454,71.798987428627,302.34669434079785,10.54604164003402,14.688287422601176,,
7994050000000.0,26885999000000.0,352564497000000.0,2408896000000.0,352564497000000.0,262880421000000.0,230400881000000.0,21738865000000.0,21505054000000.0,3166.0,2019,annual,11011,9.435235189052944,9.333755108340927,134.11592071362364,74.56236326597569,331.85533954143307,6.099608492343459,8.180546089432807,,
9668581000000.0,27531931000000.0,342940134000000.0,2313887000000.0,342940134000000.0,257747033000000.0,56127104000000.0,5180576000000.0,10172020000000.0,746.0,2019,half,11012,9.230078929424188,18.12318697219796,133.05298998339973,75.15802539460138,417.8501802378422,2.96612119478556,3.9465129361935274,,
9264539000000.0,26676045000000.0,345067883000000.0,2125632000000.0,345067883000000.0,253215151000000.0,52385546000000.0,5043585000000.0,-63905000000.0,752.0,2019,quarterly,11013,9.627817948103472,-0.12198975648740971,136.27457979400293,73.38125727568799,435.8486793574805,-0.018519544457285816,-0.025237431388929806,,
7750220000000.0,26604994000000.0,353385985000000.0,2257912000000.0,353385985000000.0,263442244000000.0,62003471000000.0,6287664000000.0,16277059000000.0,899.0,2019,quarterly,11014,10.140825825702564,26.251851287486794,134.14173051152721,74.5480169509269,343.24721246886503,4.60602844790237,6.178606267869476,,
5113279000000.0,29382578000000.0,378235718000000.0,1725857000000.0,102287702000000.0,378235718000000.0,236806988000000.0,26407832000000.0,26090846000000.0,3841.0,2020,annual,11011,11.151626995061479,11.017768614159309,27.043374576274154,100.0,296.2747782695785,6.89803864583725,6.89803864583725,,
4959572000000.0,36109613000000.0,357959499000000.0,2180316000000.0,88151682000000.0,357959499000000.0,52966142000000.0,5555083000000.0,5555083000000.0,808.0,2020,half,11012,10.487988723060102,10.487988723060102,24.62616084955466,100.0,227.470329988864,1.5518747275931348,1.5518747275931348,,
6835722000000.0,27916683000000.0,357457535000000.0,2436112000000.0,91069812000000.0,357457535000000.0,55325178000000.0,4884926000000.0,4884926000000.0,720.0,2020,quarterly,11013,8.829480855895303,8.829480855895303,25.477099538550778,100.0,280.5996604425412,1.366575193330307,1.366575193330307,,
3883192000000.0,26566097000000.0,375788742000000.0,1956166000000.0,99652554000000.0,375788742000000.0,66964160000000.0,9360693000000.0,155325000000.0,1364.0,2020,quarterly,11014,13.97866112260648,0.2319524354520388,26.518238271225275,100.0,198.51035137099817,0.04133306367118363,0.04133306367118363,,
6798952000000.0,39031415000000.0,426621158000000.0,1267183000000.0,121721227000000.0,426621158000000.0,279604799000000.0,39907450000000.0,663659000000.0,5777.0,2021,annual,11011,14.272805811176367,0.2373560834340329,28.531455769945662,100.0,536.5406575056642,0.15556167047861233,0.15556167047861233,,
6155267000000.0,30683788000000.0,384777669000000.0,1871249000000.0,102453403000000.0,384777669000000.0,63671585000000.0,9634486000000.0,16543462000000.0,1391.0,2021,half,11012,15.131531592938984,25.98248810674338,26.626649947297228,100.0,328.93896002082033,4.299485997457924,4.299485997457924,,
4791339000000.0,41039591000000.0,392826274000000.0,2042942000000.0,118557683000000.0,392826274000000.0,65388503000000.0,7141685000000.0,7141685000000.0,1044.0,2021,quarterly,11013,10.921927666703121,10.921927666703121,30.180690765098873,100.0,234.53132785952806,1.8180263064583098,1.8180263064583098,,
6261982000000.0,32675040000000.0,410420718000000.0,1346183000000.0,113654600000000.0,410420718000000.0,73979187000000.0,12293331000000.0,468833000000.0,1776.0,2021,quarterly,11014,16.617283182633518,0.6337363507387558,27.692218013224178,100.0,465.1657315535852,0.11423229370209327,0.11423229370209327,,
7041145000000.0,49680710000000.0,448424507000000.0,1171761000000.0,93674903000000.0,448424507000000.0,302231360000000.0,55654077000000.0,924059000000.0,8057.0,2022,annual,11011,18.41439518387503,0.30574557186917994,20.889782234850067,100.0,600.902829160554,0.20606790788086882,0.20606790788086882,,
6780128000000.0,39583141000000.0,448040650000000.0,1265979000000.0,120133986000000.0,448040650000000.0,77203607000000.0,11098805000000.0,22083609000000.0,1613.0,2022,half,11012,14.376018726689804,28.60437466347913,26.81318893720916,100.0,535.5640180445331,4.928929774563982,4.928929774563982,,
7180576000000.0,48944982000000.0,439326959000000.0,1274307000000.0,124036040000000.0,439326959000000.0,77781498000000.0,11324628000000.0,195534000000.0,1638.0,2022,quarterly,11013,14.55953959642176,0.2513888328558547,28.23319567784594,100.0,563.4887040564008,0.04450762603894746,0.04450762603894746,,
6635316000000.0,44515421000000.0,470278409000000.0,1327785000000.0,125371520000000.0,470278409000000.0,76781680000000.0,9389198000000.0,31227509000000.0,1346.0,2022,quarterly,11014,12.228435220484887,40.670520624190566,26.658999775598886,100.0,499.7281939470622,6.640217454678002,6.640217454678002,,
0.0,19400183000000.0,455905980000000.0,16508663000000.0,92228115000000.0,10444090000000.0,258935494000000.0,15487100000000.0,14473401000000.0,2131.0,2023,annual,11011,5.981064921134373,5.589577842889319,883.0651114649529,2.2908429496801075,0.0,3.1746460092495385,138.57981882576652,17.045722978403262,44137427000000.0
8838297000000.0,79919775000000.0,448000552000000.0,2381433000000.0,89024926000000.0,448000552000000.0,60005533000000.0,1723571000000.0,349901000000.0,228.0,2023,half,11012,2.8723534544722735,0.5831145604522836,19.87161078319386,100.0,371.133556980188,0.0781028055519003,0.0781028055519003,,
7935941000000.0,72949377000000.0,454091777000000.0,1771822000000.0,94292361000000.0,454091777000000.0,63745371000000.0,1574600000000.0,173348000000.0,206.0,2023,quarterly,11013,2.4701401455487644,0.2719381772834925,20.76504481603947,100.0,447.89719283314014,0.038174661771071886,0.038174661771071886,,
10711916000000.0,25463574000000.0,454466447000000.0,2854963000000.0,90573804000000.0,4403893000000.0,67404652000000.0,5844171000000.0,8449574000000.0,810.0,2023,quarterly,11014,8.670278425293256,12.535594724233572,2056.675854749423,0.9690248926121492,375.20332137404233,1.8592294449407396,191.86601490998987,,
16111070000000.0,-15375314000000.0,514531948000000.0,5383049000000.0,112339878000000.0,370513188000000.0,300870903000000.0,32725961000000.0,0.0,4950.0,2024,annual,11011,10.877077402197314,0.0,30.32007540848991,72.0097536100907,299.29264994615505,0.0,0.0,24.25712166656408,72982621000000.0
10598313000000.0,-19236488000000.0,485757698000000.0,17876092000000.0,102231027000000.0,358035802000000.0,74068302000000.0,9841345000000.0,,1419.0,2024,half,11012,13.286851101298366,,28.55329730405006,73.70666558124212,59.287639602660356,,,38.831342454698095,28761716000000.0
101563000000.0,-7174796000000.0,470899812000000.0,17213333000000.0,98983688000000.0,350847854000000.0,71915601000000.0,6754708000000.0,,975.0,2024,quarterly,11013,9.392548912995943,,28.212710116790397,74.50583862199545,0.5900251857092407,,,16.500322370941458,11866306000000.0
13873107000000.0,-25949534000000.0,491307317000000.0,17994065000000.0,105025954000000.0,365359495000000.0,79098731000000.0,9183371000000.0,,1440.0,2024,quarterly,11014,11.61001053228022,,28.74592160250276,74.36475752711006,77.09823766892028,,,64.42625482828542,50960350000000.0
20012416000000.0,4150799000000.0,566942110000000.0,7953586000000.0,130621773000000.0,4403893000000.0,333605938000000.0,43601051000000.0,44260956000000.0,6605.0,2025,annual,11011,13.069626776247608,13.267436504682358,2966.0523768402186,0.776780013747788,251.6150073690031,7.806962160563448,1005.0415847978142,25.573629927414544,85315148000000.0
14737011000000.0,-6585554000000.0,504875185000000.0,6204679000000.0,105313218000000.0,4403893000000.0,74566317000000.0,4676057000000.0,,737.0,2025,half,11012,6.271004373194401,,2391.3664114909243,0.8722736095655008,237.51447899238624,,,45.51787370697147,33941002000000.0
15927264000000.0,-544575000000.0,516376748000000.0,6116639000000.0,109762479000000.0,4403893000000.0,79140503000000.0,6685272000000.0,,1192.0,2025,quarterly,11013,8.447345855256948,,2492.396590925347,0.8528449464575814,260.39241485397457,,,20.95117591051955,16580866000000.0
15979645000000.0,-306096000000.0,523659586000000.0,7311477000000.0,110158092000000.0,4403893000000.0,86061747000000.0,12166062000000.0,,1802.0,2025,quarterly,11014,14.136433925748685,,2501.3798473305324,0.8409839364613484,218.5556352020255,,,65.66854377241494,56515496000000.0
52747757000000.0,35060004000000.0,759480516000000.0,24468679000000.0,180170840000000.0,4403893000000.0,171499470000000.0,89492412000000.0,,10849.0,2026,half,11012,52.182325694650835,,4091.172060719913,0.579855955119723,215.57255706366493,,,84.75547592071275,145355192000000.0
21870730000000.0,15450373000000.0,633339604000000.0,8834054000000.0,146703628000000.0,4403893000000.0,133873444000000.0,57232797000000.0,,7123.0,2026,quarterly,11013,42.751419019294076,,3331.225985735802,0.6953446416718952,247.57297159378925,,,30.083715482810764,40274106000000.0
